"Variable","Variable name","Measurement unit","Allowed values","Description"
"Application name","app","None","Daily English Lab","String. Name of the exporting application."
"Export time","exportedAt","UTC timestamp","ISO 8601 date-time","String. Snapshot export time; new practice events have separate timestamps."
"Studied and legacy expression IDs","learned","IDs","Unique IDs in EXPRESSIONS; [] valid","String array. Studied/legacy marks; not validated mastery. Manual marks and correct choices remain supported; recorded recall results also add marks."
"Favorite expression IDs","favorites","IDs","Unique IDs in EXPRESSIONS; [] valid","String array. Expressions currently saved as favorites."
"Dated expression records","sessions","UTC day and IDs","YYYY-MM-DD keys; arrays of expression IDs; {} valid","Object. Unique IDs marked studied or answered correctly; v2 also includes all submitted recall results, including failures. Not a complete event log."
"Correct daily answers","quiz.correct","answers","0 to quiz.total","Integer. Cumulative correct daily-expression answers."
"All daily answers","quiz.total","answers","Nonnegative integer","Integer. Cumulative daily-expression answers, including repeated attempts."
"Daily scenario starts","scenarios.runs","runs","Nonnegative integer","Integer. Cumulative everyday scenario starts."
"Daily terminal outcomes","scenarios.completed","runs","0 to scenarios.runs","Integer. Everyday runs ending in success or partial completion."
"Daily successes","scenarios.success","runs","0 to scenarios.completed","Integer. Everyday runs ending in success."
"Learned market IDs","marketLearned","IDs","Unique IDs in MARKET_VOCAB; [] valid","String array. Market terms marked learned manually or after correct answers."
"Favorite market IDs","marketFavorites","IDs","Unique IDs in MARKET_VOCAB; [] valid","String array. Market terms currently saved as favorites."
"Correct market answers","marketQuiz.correct","answers","0 to marketQuiz.total","Integer. Cumulative correct market-English answers."
"All market answers","marketQuiz.total","answers","Nonnegative integer","Integer. Cumulative market-English answers, including repeats."
"Market scenario starts","marketScenarios.runs","runs","Nonnegative integer","Integer. Cumulative market scenario starts."
"Market terminal outcomes","marketScenarios.completed","runs","0 to marketScenarios.runs","Integer. Market runs ending in success or partial completion."
"Market successes","marketScenarios.success","runs","0 to marketScenarios.completed","Integer. Market runs ending in success."
"Display theme","theme","None","light; dark; pink","String. Saved display preference; excluded from learning analysis."
"Progress schema version","schemaVersion","None","2; absent in legacy files","Integer. Current runtime export version; old files are migrated without fabricating recall evidence."
"Review schedule","reviewSchedule","None","Object keyed by EXPRESSIONS IDs; {} valid","Object. Per-expression scheduling and lifetime self-reported success counts."
"Review stage","reviewSchedule.<id>.stage","index","0; 1; 2; 3","Integer. Index into 1/3/7/14-day product defaults; not proficiency."
"Schedule creation time","reviewSchedule.<id>.firstSeenAt","UTC timestamp","ISO 8601 date-time","String. Record creation; legacy migration time is not original study time."
"Last recorded recall time","reviewSchedule.<id>.lastReviewedAt","UTC timestamp","ISO 8601 date-time; null","String or null. Choice attempts do not update it; null means no recorded recall."
"Next suggested review","reviewSchedule.<id>.nextDueAt","UTC timestamp","ISO 8601 date-time","String. Suggested due time; not a guaranteed optimum."
"Schedule outcome","reviewSchedule.<id>.lastOutcome","None","independent; hinted; forgot; correct; incorrect; null","String or null. Choice outcome only initializes a new record; later choices preserve recall state."
"Schedule mode","reviewSchedule.<id>.lastMode","None","recall; choice; null","String or null. Mode underlying schedule outcome."
"Lifetime independent self-reports","reviewSchedule.<id>.independentSuccesses","attempts","Nonnegative integer","Count of independent recall self-reports; not automatic speech verification."
"Lifetime delayed independent self-reports","reviewSchedule.<id>.delayedRecallSuccesses","attempts","0 to independentSuccesses","Count of independent self-reports at least 24 hours after preceding recorded recall."
"Retained practice events","practiceHistory","events","Array of up to 5000 events; [] valid","Array. Oldest events removed above limit; item cumulative counts retained."
"Event ID","practiceHistory[].id","ID","Unique nonempty string","Local event identifier; not participant ID."
"Practice item","practiceHistory[].itemId","ID","Known EXPRESSIONS ID","String. References existing expression content."
"Result recording time","practiceHistory[].at","UTC timestamp","ISO 8601 date-time","String. Result submission time, not response latency."
"Practice mode","practiceHistory[].mode","None","recall; choice","String. Distinguishes production self-report from recognition."
"Practice outcome","practiceHistory[].outcome","None","Recall: independent/hinted/forgot; choice: correct/incorrect","String. Outcome type must agree with mode."
"Prompt reliance","practiceHistory[].hintUsed","None","true; false","Boolean. App hint or self-reported prompting; excludes independent result."
"Optional confidence prediction","practiceHistory[].confidence","None","low; medium; high; null","String or null. Optional ordinal prediction; null means skipped; not used for scheduling."
"Delayed recall attempt","practiceHistory[].delayed","None","true; false","Boolean. Recall at least 24 hours after preceding recorded recall; includes failed delayed attempts."
"Assessment source","practiceHistory[].assessment","None","self-report; answer-key","String. Recall self-reported; choices checked against known option."
"Pinned daily new-expression plan","dailyPlan","None","Object; null","Object. Daily plan stabilizes new items after marks change; null before first rendering."
"Daily plan date","dailyPlan.date","UTC day","YYYY-MM-DD","String. Preserves prior UTC-day convention."
"Daily plan expression IDs","dailyPlan.ids","IDs","Up to 5 unique known EXPRESSIONS IDs; [] valid","String array. New-expression IDs selected for this UTC day."
